"Module","Category","LOC","Size","Path"
"__main__","__main__","18","641","T:\Project-AI-main\src\app\__main__.py"
"ad_blocking/ad_database","ad_blocking","69","2405","T:\Project-AI-main\src\app\ad_blocking\ad_database.py"
"ad_blocking/autoplay_killer","ad_blocking","25","843","T:\Project-AI-main\src\app\ad_blocking\autoplay_killer.py"
"ad_blocking/holy_war_engine","ad_blocking","440","15508","T:\Project-AI-main\src\app\ad_blocking\holy_war_engine.py"
"ad_blocking/tracker_destroyer","ad_blocking","67","2330","T:\Project-AI-main\src\app\ad_blocking\tracker_destroyer.py"
"agents/alpha_red","agents","139","6121","T:\Project-AI-main\src\app\agents\alpha_red.py"
"agents/attack_train_loop","agents","185","7739","T:\Project-AI-main\src\app\agents\attack_train_loop.py"
"agents/border_patrol","agents","303","13518","T:\Project-AI-main\src\app\agents\border_patrol.py"
"agents/cerberus_codex_bridge","agents","295","13707","T:\Project-AI-main\src\app\agents\cerberus_codex_bridge.py"
"agents/ci_checker_agent","agents","128","5870","T:\Project-AI-main\src\app\agents\ci_checker_agent.py"
"agents/code_adversary_agent","agents","442","17698","T:\Project-AI-main\src\app\agents\code_adversary_agent.py"
"agents/codex_deus_maximus","agents","220","10496","T:\Project-AI-main\src\app\agents\codex_deus_maximus.py"
"agents/consigliere/action_ledger","agents","48","1924","T:\Project-AI-main\src\app\agents\consigliere\action_ledger.py"
"agents/consigliere/capability_manager","agents","75","3068","T:\Project-AI-main\src\app\agents\consigliere\capability_manager.py"
"agents/consigliere/consigliere_engine","agents","267","11780","T:\Project-AI-main\src\app\agents\consigliere\consigliere_engine.py"
"agents/consigliere/privacy_checker","agents","32","1344","T:\Project-AI-main\src\app\agents\consigliere\privacy_checker.py"
"agents/constitutional_guardrail_agent","agents","327","13379","T:\Project-AI-main\src\app\agents\constitutional_guardrail_agent.py"
"agents/dependency_auditor","agents","85","4123","T:\Project-AI-main\src\app\agents\dependency_auditor.py"
"agents/doc_generator","agents","56","2513","T:\Project-AI-main\src\app\agents\doc_generator.py"
"agents/expert_agent","agents","48","2339","T:\Project-AI-main\src\app\agents\expert_agent.py"
"agents/explainability","agents","32","1772","T:\Project-AI-main\src\app\agents\explainability.py"
"agents/firewalls/thirsty_honeypot_swarm_defense","agents","339","15300","T:\Project-AI-main\src\app\agents\firewalls\thirsty_honeypot_swarm_defense.py"
"agents/jailbreak_bench_agent","agents","563","23848","T:\Project-AI-main\src\app\agents\jailbreak_bench_agent.py"
"agents/knowledge_curator","agents","78","3255","T:\Project-AI-main\src\app\agents\knowledge_curator.py"
"agents/long_context_agent","agents","284","11932","T:\Project-AI-main\src\app\agents\long_context_agent.py"
"agents/oversight","agents","32","1724","T:\Project-AI-main\src\app\agents\oversight.py"
"agents/planner","agents","25","1436","T:\Project-AI-main\src\app\agents\planner.py"
"agents/planner_agent","agents","69","2963","T:\Project-AI-main\src\app\agents\planner_agent.py"
"agents/red_team_agent","agents","608","26348","T:\Project-AI-main\src\app\agents\red_team_agent.py"
"agents/red_team_persona_agent","agents","446","17644","T:\Project-AI-main\src\app\agents\red_team_persona_agent.py"
"agents/refactor_agent","agents","97","4546","T:\Project-AI-main\src\app\agents\refactor_agent.py"
"agents/retrieval_agent","agents","85","3952","T:\Project-AI-main\src\app\agents\retrieval_agent.py"
"agents/rollback_agent","agents","57","2430","T:\Project-AI-main\src\app\agents\rollback_agent.py"
"agents/safety_guard_agent","agents","435","18146","T:\Project-AI-main\src\app\agents\safety_guard_agent.py"
"agents/sandbox_runner","agents","93","4409","T:\Project-AI-main\src\app\agents\sandbox_runner.py"
"agents/sandbox_worker","agents","61","2454","T:\Project-AI-main\src\app\agents\sandbox_worker.py"
"agents/tarl_protector","agents","380","17325","T:\Project-AI-main\src\app\agents\tarl_protector.py"
"agents/test_qa_generator","agents","138","6773","T:\Project-AI-main\src\app\agents\test_qa_generator.py"
"agents/thirsty_lang_validator","agents","345","15970","T:\Project-AI-main\src\app\agents\thirsty_lang_validator.py"
"agents/ux_telemetry","agents","53","2213","T:\Project-AI-main\src\app\agents\ux_telemetry.py"
"agents/validator","agents","32","1720","T:\Project-AI-main\src\app\agents\validator.py"
"ai/ai_engine","ai","191","8229","T:\Project-AI-main\src\app\ai\ai_engine.py"
"ai/context_manager","ai","23","842","T:\Project-AI-main\src\app\ai\context_manager.py"
"ai/local_inference","ai","22","761","T:\Project-AI-main\src\app\ai\local_inference.py"
"alignment/panel_feedback","alignment","231","9169","T:\Project-AI-main\src\app\alignment\panel_feedback.py"
"audit/tamperproof_log","audit","156","6331","T:\Project-AI-main\src\app\audit\tamperproof_log.py"
"audit/trace_logger","audit","179","6967","T:\Project-AI-main\src\app\audit\trace_logger.py"
"browser/browser_engine","browser","204","8720","T:\Project-AI-main\src\app\browser\browser_engine.py"
"browser/content_blocker","browser","166","6599","T:\Project-AI-main\src\app\browser\content_blocker.py"
"browser/encrypted_navigation","browser","94","3938","T:\Project-AI-main\src\app\browser\encrypted_navigation.py"
"browser/encrypted_search","browser","95","4083","T:\Project-AI-main\src\app\browser\encrypted_search.py"
"browser/sandbox","browser","80","3070","T:\Project-AI-main\src\app\browser\sandbox.py"
"browser/tab_manager","browser","76","2906","T:\Project-AI-main\src\app\browser\tab_manager.py"
"cli","cli","145","5409","T:\Project-AI-main\src\app\cli.py"
"cli/hydra_50_cli","cli","290","12562","T:\Project-AI-main\src\app\cli\hydra_50_cli.py"
"core/access_control","core","54","2250","T:\Project-AI-main\src\app\core\access_control.py"
"core/advanced_behavioral_validation","core","630","28459","T:\Project-AI-main\src\app\core\advanced_behavioral_validation.py"
"core/advanced_boot","core","793","33909","T:\Project-AI-main\src\app\core\advanced_boot.py"
"core/advanced_learning_systems","core","627","26581","T:\Project-AI-main\src\app\core\advanced_learning_systems.py"
"core/agent_operational_extensions","core","778","33316","T:\Project-AI-main\src\app\core\agent_operational_extensions.py"
"core/ai_systems","core","1013","44227","T:\Project-AI-main\src\app\core\ai_systems.py"
"core/ai/orchestrator","core","301","12023","T:\Project-AI-main\src\app\core\ai\orchestrator.py"
"core/asymmetric_security_engine","core","450","20551","T:\Project-AI-main\src\app\core\asymmetric_security_engine.py"
"core/backend_client","core","134","5599","T:\Project-AI-main\src\app\core\backend_client.py"
"core/bio_brain_mapper","core","1144","48663","T:\Project-AI-main\src\app\core\bio_brain_mapper.py"
"core/bonding_protocol","core","632","29594","T:\Project-AI-main\src\app\core\bonding_protocol.py"
"core/bootstrap_orchestrator","core","525","23862","T:\Project-AI-main\src\app\core\bootstrap_orchestrator.py"
"core/cbrn_classifier","core","504","21086","T:\Project-AI-main\src\app\core\cbrn_classifier.py"
"core/cerberus_agent_process","core","271","10502","T:\Project-AI-main\src\app\core\cerberus_agent_process.py"
"core/cerberus_hydra","core","890","39905","T:\Project-AI-main\src\app\core\cerberus_hydra.py"
"core/cerberus_lockdown_controller","core","316","12675","T:\Project-AI-main\src\app\core\cerberus_lockdown_controller.py"
"core/cerberus_observability","core","356","16082","T:\Project-AI-main\src\app\core\cerberus_observability.py"
"core/cerberus_runtime_manager","core","275","11467","T:\Project-AI-main\src\app\core\cerberus_runtime_manager.py"
"core/cerberus_spawn_constraints","core","379","15966","T:\Project-AI-main\src\app\core\cerberus_spawn_constraints.py"
"core/cerberus_template_renderer","core","218","8742","T:\Project-AI-main\src\app\core\cerberus_template_renderer.py"
"core/clickhouse_integration","core","364","13181","T:\Project-AI-main\src\app\core\clickhouse_integration.py"
"core/cloud_sync","core","349","15148","T:\Project-AI-main\src\app\core\cloud_sync.py"
"core/cognition_kernel","core","880","39267","T:\Project-AI-main\src\app\core\cognition_kernel.py"
"core/command_override","core","411","18819","T:\Project-AI-main\src\app\core\command_override.py"
"core/comprehensive_security_expansion","core","584","27294","T:\Project-AI-main\src\app\core\comprehensive_security_expansion.py"
"core/config","core","158","6298","T:\Project-AI-main\src\app\core\config.py"
"core/constitutional_model","core","492","18138","T:\Project-AI-main\src\app\core\constitutional_model.py"
"core/constitutional_scenario_engine","core","215","9267","T:\Project-AI-main\src\app\core\constitutional_scenario_engine.py"
"core/continuous_learning","core","125","5375","T:\Project-AI-main\src\app\core\continuous_learning.py"
"core/continuous_monitoring_system","core","608","23789","T:\Project-AI-main\src\app\core\continuous_monitoring_system.py"
"core/conversation_context_engine","core","665","30208","T:\Project-AI-main\src\app\core\conversation_context_engine.py"
"core/council_hub","core","446","23100","T:\Project-AI-main\src\app\core\council_hub.py"
"core/cybersecurity_knowledge","core","461","30752","T:\Project-AI-main\src\app\core\cybersecurity_knowledge.py"
"core/data_analysis","core","114","4894","T:\Project-AI-main\src\app\core\data_analysis.py"
"core/data_persistence","core","556","23909","T:\Project-AI-main\src\app\core\data_persistence.py"
"core/deepseek_v32_inference","core","365","14452","T:\Project-AI-main\src\app\core\deepseek_v32_inference.py"
"core/deterministic_replay","core","346","14684","T:\Project-AI-main\src\app\core\deterministic_replay.py"
"core/directness","core","533","18624","T:\Project-AI-main\src\app\core\directness.py"
"core/distributed_cluster_coordinator","core","586","24963","T:\Project-AI-main\src\app\core\distributed_cluster_coordinator.py"
"core/distributed_event_streaming","core","566","24488","T:\Project-AI-main\src\app\core\distributed_event_streaming.py"
"core/emergency_alert","core","113","4841","T:\Project-AI-main\src\app\core\emergency_alert.py"
"core/enhanced_bootstrap","core","537","23726","T:\Project-AI-main\src\app\core\enhanced_bootstrap.py"
"core/enhanced_data_sources","core","302","13328","T:\Project-AI-main\src\app\core\enhanced_data_sources.py"
"core/event_spine","core","433","17726","T:\Project-AI-main\src\app\core\event_spine.py"
"core/function_registry","core","288","12237","T:\Project-AI-main\src\app\core\function_registry.py"
"core/global_intelligence_library","core","1007","42453","T:\Project-AI-main\src\app\core\global_intelligence_library.py"
"core/global_scenario_engine","core","901","40907","T:\Project-AI-main\src\app\core\global_scenario_engine.py"
"core/global_watch_tower","core","440","20010","T:\Project-AI-main\src\app\core\global_watch_tower.py"
"core/god_tier_asymmetric_security","core","651","29031","T:\Project-AI-main\src\app\core\god_tier_asymmetric_security.py"
"core/god_tier_command_center","core","440","19677","T:\Project-AI-main\src\app\core\god_tier_command_center.py"
"core/god_tier_config","core","311","12980","T:\Project-AI-main\src\app\core\god_tier_config.py"
"core/god_tier_integration","core","518","23414","T:\Project-AI-main\src\app\core\god_tier_integration.py"
"core/god_tier_integration_layer","core","492","21312","T:\Project-AI-main\src\app\core\god_tier_integration_layer.py"
"core/god_tier_intelligence_system","core","637","25685","T:\Project-AI-main\src\app\core\god_tier_intelligence_system.py"
"core/governance","core","554","24651","T:\Project-AI-main\src\app\core\governance.py"
"core/governance_drift_monitor","core","310","13245","T:\Project-AI-main\src\app\core\governance_drift_monitor.py"
"core/governance_graph","core","434","18101","T:\Project-AI-main\src\app\core\governance_graph.py"
"core/governance_operational_extensions","core","1085","46370","T:\Project-AI-main\src\app\core\governance_operational_extensions.py"
"core/governance/pipeline","core","1210","47144","T:\Project-AI-main\src\app\core\governance\pipeline.py"
"core/governance/validators","core","86","3211","T:\Project-AI-main\src\app\core\governance\validators.py"
"core/guardian_approval_system","core","989","44817","T:\Project-AI-main\src\app\core\guardian_approval_system.py"
"core/hardware_auto_discovery","core","564","23444","T:\Project-AI-main\src\app\core\hardware_auto_discovery.py"
"core/health_monitoring_continuity","core","539","24557","T:\Project-AI-main\src\app\core\health_monitoring_continuity.py"
"core/honeypot_detector","core","418","17552","T:\Project-AI-main\src\app\core\honeypot_detector.py"
"core/hydra_50_analytics","core","684","27750","T:\Project-AI-main\src\app\core\hydra_50_analytics.py"
"core/hydra_50_deep_integration","core","654","28596","T:\Project-AI-main\src\app\core\hydra_50_deep_integration.py"
"core/hydra_50_engine","core","5044","196214","T:\Project-AI-main\src\app\core\hydra_50_engine.py"
"core/hydra_50_integration","core","635","28041","T:\Project-AI-main\src\app\core\hydra_50_integration.py"
"core/hydra_50_performance","core","402","16371","T:\Project-AI-main\src\app\core\hydra_50_performance.py"
"core/hydra_50_security","core","447","17733","T:\Project-AI-main\src\app\core\hydra_50_security.py"
"core/hydra_50_telemetry","core","814","34145","T:\Project-AI-main\src\app\core\hydra_50_telemetry.py"
"core/hydra_50_visualization","core","723","27954","T:\Project-AI-main\src\app\core\hydra_50_visualization.py"
"core/identity","core","738","33353","T:\Project-AI-main\src\app\core\identity.py"
"core/identity_operational_extensions","core","687","29776","T:\Project-AI-main\src\app\core\identity_operational_extensions.py"
"core/image_generator","core","386","16021","T:\Project-AI-main\src\app\core\image_generator.py"
"core/incident_responder","core","451","20420","T:\Project-AI-main\src\app\core\incident_responder.py"
"core/intelligence_engine","core","796","36983","T:\Project-AI-main\src\app\core\intelligence_engine.py"
"core/intelligence/attack_simulator","core","102","3418","T:\Project-AI-main\src\app\core\intelligence\attack_simulator.py"
"core/intelligence/autonomy_engine","core","141","6214","T:\Project-AI-main\src\app\core\intelligence\autonomy_engine.py"
"core/intelligence/emotional_palette","core","108","4511","T:\Project-AI-main\src\app\core\intelligence\emotional_palette.py"
"core/intelligence/meta_agents","core","110","4118","T:\Project-AI-main\src\app\core\intelligence\meta_agents.py"
"core/intent_detection","core","35","1222","T:\Project-AI-main\src\app\core\intent_detection.py"
"core/interface_abstractions","core","450","15674","T:\Project-AI-main\src\app\core\interface_abstractions.py"
"core/interface_operational_extensions","core","742","32403","T:\Project-AI-main\src\app\core\interface_operational_extensions.py"
"core/interfaces","core","306","10882","T:\Project-AI-main\src\app\core\interfaces.py"
"core/ip_blocking_system","core","361","15838","T:\Project-AI-main\src\app\core\ip_blocking_system.py"
"core/kernel_adapters","core","225","10098","T:\Project-AI-main\src\app\core\kernel_adapters.py"
"core/kernel_fuzz_harness","core","344","14258","T:\Project-AI-main\src\app\core\kernel_fuzz_harness.py"
"core/kernel_integration","core","358","14941","T:\Project-AI-main\src\app\core\kernel_integration.py"
"core/kernel_types","core","73","2921","T:\Project-AI-main\src\app\core\kernel_types.py"
"core/learning_paths","core","109","4448","T:\Project-AI-main\src\app\core\learning_paths.py"
"core/live_metrics_dashboard","core","672","27510","T:\Project-AI-main\src\app\core\live_metrics_dashboard.py"
"core/local_fbo","core","504","20196","T:\Project-AI-main\src\app\core\local_fbo.py"
"core/location_tracker","core","119","4875","T:\Project-AI-main\src\app\core\location_tracker.py"
"core/mcp_server","core","812","37908","T:\Project-AI-main\src\app\core\mcp_server.py"
"core/memory_engine","core","865","37164","T:\Project-AI-main\src\app\core\memory_engine.py"
"core/memory_operational_extensions","core","633","27736","T:\Project-AI-main\src\app\core\memory_operational_extensions.py"
"core/memory_optimization/adaptive_policy_engine","core","39","1573","T:\Project-AI-main\src\app\core\memory_optimization\adaptive_policy_engine.py"
"core/memory_optimization/compression_engine","core","510","22889","T:\Project-AI-main\src\app\core\memory_optimization\compression_engine.py"
"core/memory_optimization/deduplication_engine","core","432","18523","T:\Project-AI-main\src\app\core\memory_optimization\deduplication_engine.py"
"core/memory_optimization/federation_backend","core","38","1574","T:\Project-AI-main\src\app\core\memory_optimization\federation_backend.py"
"core/memory_optimization/memory_pool_allocator","core","41","1728","T:\Project-AI-main\src\app\core\memory_optimization\memory_pool_allocator.py"
"core/memory_optimization/optimization_config","core","315","13862","T:\Project-AI-main\src\app\core\memory_optimization\optimization_config.py"
"core/memory_optimization/optimization_middleware","core","373","17954","T:\Project-AI-main\src\app\core\memory_optimization\optimization_middleware.py"
"core/memory_optimization/pruning_scheduler","core","31","1242","T:\Project-AI-main\src\app\core\memory_optimization\pruning_scheduler.py"
"core/memory_optimization/streaming_recall","core","34","1446","T:\Project-AI-main\src\app\core\memory_optimization\streaming_recall.py"
"core/memory_optimization/telemetry_collector","core","57","2243","T:\Project-AI-main\src\app\core\memory_optimization\telemetry_collector.py"
"core/memory_optimization/tiered_storage","core","589","26349","T:\Project-AI-main\src\app\core\memory_optimization\tiered_storage.py"
"core/meta_identity","core","395","17101","T:\Project-AI-main\src\app\core\meta_identity.py"
"core/model_providers","core","167","6199","T:\Project-AI-main\src\app\core\model_providers.py"
"core/multimodal_fusion","core","424","18765","T:\Project-AI-main\src\app\core\multimodal_fusion.py"
"core/novel_security_scenarios","core","505","26074","T:\Project-AI-main\src\app\core\novel_security_scenarios.py"
"core/octoreflex","core","530","20128","T:\Project-AI-main\src\app\core\octoreflex.py"
"core/openrouter_mock","core","114","4426","T:\Project-AI-main\src\app\core\openrouter_mock.py"
"core/openrouter_provider","core","152","5416","T:\Project-AI-main\src\app\core\openrouter_provider.py"
"core/operational_substructure","core","511","20775","T:\Project-AI-main\src\app\core\operational_substructure.py"
"core/optical_flow","core","555","23266","T:\Project-AI-main\src\app\core\optical_flow.py"
"core/perspective_engine","core","538","23971","T:\Project-AI-main\src\app\core\perspective_engine.py"
"core/planetary_defense_monolith","core","422","16449","T:\Project-AI-main\src\app\core\planetary_defense_monolith.py"
"core/platform_tiers","core","444","18653","T:\Project-AI-main\src\app\core\platform_tiers.py"
"core/polyglot_execution","core","921","39005","T:\Project-AI-main\src\app\core\polyglot_execution.py"
"core/rag_system","core","439","17522","T:\Project-AI-main\src\app\core\rag_system.py"
"core/realtime_monitoring","core","403","15272","T:\Project-AI-main\src\app\core\realtime_monitoring.py"
"core/rebirth_protocol","core","391","16665","T:\Project-AI-main\src\app\core\rebirth_protocol.py"
"core/red_hat_expert_defense","core","761","36900","T:\Project-AI-main\src\app\core\red_hat_expert_defense.py"
"core/red_team_stress_test","core","799","36922","T:\Project-AI-main\src\app\core\red_team_stress_test.py"
"core/reflection_cycle","core","538","24372","T:\Project-AI-main\src\app\core\reflection_cycle.py"
"core/relationship_model","core","544","23713","T:\Project-AI-main\src\app\core\relationship_model.py"
"core/risingwave_integration","core","402","14755","T:\Project-AI-main\src\app\core\risingwave_integration.py"
"core/robotic_controller_manager","core","484","20700","T:\Project-AI-main\src\app\core\robotic_controller_manager.py"
"core/robotic_hardware_layer","core","468","19718","T:\Project-AI-main\src\app\core\robotic_hardware_layer.py"
"core/robotic_mainframe_integration","core","386","16627","T:\Project-AI-main\src\app\core\robotic_mainframe_integration.py"
"core/robustness_metrics","core","536","24838","T:\Project-AI-main\src\app\core\robustness_metrics.py"
"core/runtime/router","core","72","2958","T:\Project-AI-main\src\app\core\runtime\router.py"
"core/safety_levels","core","587","26722","T:\Project-AI-main\src\app\core\safety_levels.py"
"core/scenario_config","core","365","8591","T:\Project-AI-main\src\app\core\scenario_config.py"
"core/secure_comms","core","883","37300","T:\Project-AI-main\src\app\core\secure_comms.py"
"core/security_enforcer","core","679","27866","T:\Project-AI-main\src\app\core\security_enforcer.py"
"core/security_operations_center","core","673","29549","T:\Project-AI-main\src\app\core\security_operations_center.py"
"core/security_resources","core","120","4647","T:\Project-AI-main\src\app\core\security_resources.py"
"core/security/auth","core","504","16631","T:\Project-AI-main\src\app\core\security\auth.py"
"core/security/middleware","core","75","2763","T:\Project-AI-main\src\app\core\security\middleware.py"
"core/sensor_fusion","core","954","40392","T:\Project-AI-main\src\app\core\sensor_fusion.py"
"core/services/execution_service","core","245","9205","T:\Project-AI-main\src\app\core\services\execution_service.py"
"core/services/governance_service","core","392","15239","T:\Project-AI-main\src\app\core\services\governance_service.py"
"core/services/memory_logging_service","core","296","11903","T:\Project-AI-main\src\app\core\services\memory_logging_service.py"
"core/simulation_contingency_root","core","362","13929","T:\Project-AI-main\src\app\core\simulation_contingency_root.py"
"core/snn_integration","core","548","21121","T:\Project-AI-main\src\app\core\snn_integration.py"
"core/snn_mlops","core","1039","42753","T:\Project-AI-main\src\app\core\snn_mlops.py"
"core/state_register","core","471","17067","T:\Project-AI-main\src\app\core\state_register.py"
"core/storage","core","504","20737","T:\Project-AI-main\src\app\core\storage.py"
"core/super_kernel","core","440","16890","T:\Project-AI-main\src\app\core\super_kernel.py"
"core/super_kernel_bootstrap","core","132","5421","T:\Project-AI-main\src\app\core\super_kernel_bootstrap.py"
"core/system_registry","core","570","25119","T:\Project-AI-main\src\app\core\system_registry.py"
"core/tarl_operational_extensions","core","683","28826","T:\Project-AI-main\src\app\core\tarl_operational_extensions.py"
"core/telemetry","core","62","2500","T:\Project-AI-main\src\app\core\telemetry.py"
"core/tier_governance_policies","core","509","19885","T:\Project-AI-main\src\app\core\tier_governance_policies.py"
"core/tier_health_dashboard","core","446","18515","T:\Project-AI-main\src\app\core\tier_health_dashboard.py"
"core/tier_interfaces","core","449","18016","T:\Project-AI-main\src\app\core\tier_interfaces.py"
"core/tier_performance_monitor","core","498","21440","T:\Project-AI-main\src\app\core\tier_performance_monitor.py"
"core/tscg_codec","core","426","15345","T:\Project-AI-main\src\app\core\tscg_codec.py"
"core/user_manager","core","333","14851","T:\Project-AI-main\src\app\core\user_manager.py"
"core/validate_constitution","core","590","24223","T:\Project-AI-main\src\app\core\validate_constitution.py"
"core/visual_bonding_controller","core","510","22482","T:\Project-AI-main\src\app\core\visual_bonding_controller.py"
"core/visual_cue_models","core","521","21796","T:\Project-AI-main\src\app\core\visual_cue_models.py"
"core/voice_bonding_protocol","core","565","25680","T:\Project-AI-main\src\app\core\voice_bonding_protocol.py"
"core/voice_models","core","442","18249","T:\Project-AI-main\src\app\core\voice_models.py"
"defense_engine","defense_engine","270","10603","T:\Project-AI-main\src\app\defense_engine.py"
"deployment/federated_cells","deployment","871","37248","T:\Project-AI-main\src\app\deployment\federated_cells.py"
"domains/agi_safeguards","domains","167","6657","T:\Project-AI-main\src\app\domains\agi_safeguards.py"
"domains/biomedical_defense","domains","242","9835","T:\Project-AI-main\src\app\domains\biomedical_defense.py"
"domains/command_control","domains","758","32949","T:\Project-AI-main\src\app\domains\command_control.py"
"domains/continuous_improvement","domains","149","5815","T:\Project-AI-main\src\app\domains\continuous_improvement.py"
"domains/deep_expansion","domains","157","6185","T:\Project-AI-main\src\app\domains\deep_expansion.py"
"domains/ethics_governance","domains","161","6344","T:\Project-AI-main\src\app\domains\ethics_governance.py"
"domains/situational_awareness","domains","664","28310","T:\Project-AI-main\src\app\domains\situational_awareness.py"
"domains/supply_logistics","domains","793","35163","T:\Project-AI-main\src\app\domains\supply_logistics.py"
"domains/survivor_support","domains","168","6698","T:\Project-AI-main\src\app\domains\survivor_support.py"
"domains/tactical_edge_ai","domains","304","12840","T:\Project-AI-main\src\app\domains\tactical_edge_ai.py"
"governance/acceptance_ledger","governance","485","20295","T:\Project-AI-main\src\app\governance\acceptance_ledger.py"
"governance/audit_log","governance","190","8450","T:\Project-AI-main\src\app\governance\audit_log.py"
"governance/governance_manager","governance","260","10216","T:\Project-AI-main\src\app\governance\governance_manager.py"
"governance/jurisdiction_loader","governance","183","8291","T:\Project-AI-main\src\app\governance\jurisdiction_loader.py"
"governance/runtime_enforcer","governance","387","16237","T:\Project-AI-main\src\app\governance\runtime_enforcer.py"
"gui/cerberus_panel","gui","79","3230","T:\Project-AI-main\src\app\gui\cerberus_panel.py"
"gui/dashboard","gui","1083","42721","T:\Project-AI-main\src\app\gui\dashboard.py"
"gui/dashboard_handlers","gui","454","20930","T:\Project-AI-main\src\app\gui\dashboard_handlers.py"
"gui/dashboard_main","gui","495","19438","T:\Project-AI-main\src\app\gui\dashboard_main.py"
"gui/dashboard_utils","gui","210","8372","T:\Project-AI-main\src\app\gui\dashboard_utils.py"
"gui/god_tier_panel","gui","377","15461","T:\Project-AI-main\src\app\gui\god_tier_panel.py"
"gui/hydra_50_panel","gui","1030","43575","T:\Project-AI-main\src\app\gui\hydra_50_panel.py"
"gui/image_generation","gui","378","15718","T:\Project-AI-main\src\app\gui\image_generation.py"
"gui/intelligence_library_panel","gui","442","18128","T:\Project-AI-main\src\app\gui\intelligence_library_panel.py"
"gui/knowledge_functions_panel","gui","312","12595","T:\Project-AI-main\src\app\gui\knowledge_functions_panel.py"
"gui/leather_book_dashboard","gui","531","21365","T:\Project-AI-main\src\app\gui\leather_book_dashboard.py"
"gui/leather_book_interface","gui","191","8111","T:\Project-AI-main\src\app\gui\leather_book_interface.py"
"gui/leather_book_panels","gui","566","24329","T:\Project-AI-main\src\app\gui\leather_book_panels.py"
"gui/login","gui","193","7903","T:\Project-AI-main\src\app\gui\login.py"
"gui/news_intelligence_panel","gui","477","20975","T:\Project-AI-main\src\app\gui\news_intelligence_panel.py"
"gui/persona_panel","gui","360","15539","T:\Project-AI-main\src\app\gui\persona_panel.py"
"gui/settings_dialog","gui","71","2703","T:\Project-AI-main\src\app\gui\settings_dialog.py"
"gui/user_management","gui","272","11109","T:\Project-AI-main\src\app\gui\user_management.py"
"gui/visualization_3d","gui","159","6960","T:\Project-AI-main\src\app\gui\visualization_3d.py"
"gui/watch_tower_panel","gui","402","16659","T:\Project-AI-main\src\app\gui\watch_tower_panel.py"
"health/report","health","357","15282","T:\Project-AI-main\src\app\health\report.py"
"infrastructure/networking/mesh_networking","infrastructure","209","8888","T:\Project-AI-main\src\app\infrastructure\networking\mesh_networking.py"
"infrastructure/networking/spectrum_analyzer","infrastructure","225","7467","T:\Project-AI-main\src\app\infrastructure\networking\spectrum_analyzer.py"
"infrastructure/networking/wifi_controller","infrastructure","545","23907","T:\Project-AI-main\src\app\infrastructure\networking\wifi_controller.py"
"infrastructure/networking/wifi_security","infrastructure","246","10416","T:\Project-AI-main\src\app\infrastructure\networking\wifi_security.py"
"infrastructure/vpn/backends","infrastructure","401","16661","T:\Project-AI-main\src\app\infrastructure\vpn\backends.py"
"infrastructure/vpn/dns_protection","infrastructure","82","3317","T:\Project-AI-main\src\app\infrastructure\vpn\dns_protection.py"
"infrastructure/vpn/kill_switch","infrastructure","71","2784","T:\Project-AI-main\src\app\infrastructure\vpn\kill_switch.py"
"infrastructure/vpn/multi_hop","infrastructure","71","3201","T:\Project-AI-main\src\app\infrastructure\vpn\multi_hop.py"
"infrastructure/vpn/vpn_manager","infrastructure","160","6730","T:\Project-AI-main\src\app\infrastructure\vpn\vpn_manager.py"
"inspection/api","inspection","229","9442","T:\Project-AI-main\src\app\inspection\api.py"
"inspection/audit_pipeline","inspection","444","18893","T:\Project-AI-main\src\app\inspection\audit_pipeline.py"
"inspection/catalog_builder","inspection","438","20440","T:\Project-AI-main\src\app\inspection\catalog_builder.py"
"inspection/cli","inspection","295","10447","T:\Project-AI-main\src\app\inspection\cli.py"
"inspection/integrity_checker","inspection","419","18944","T:\Project-AI-main\src\app\inspection\integrity_checker.py"
"inspection/lint_checker","inspection","495","21192","T:\Project-AI-main\src\app\inspection\lint_checker.py"
"inspection/quality_analyzer","inspection","373","16375","T:\Project-AI-main\src\app\inspection\quality_analyzer.py"
"inspection/report_generator","inspection","263","11576","T:\Project-AI-main\src\app\inspection\report_generator.py"
"inspection/repository_inspector","inspection","500","21205","T:\Project-AI-main\src\app\inspection\repository_inspector.py"
"interfaces/agents/adapter","interfaces","137","4631","T:\Project-AI-main\src\app\interfaces\agents\adapter.py"
"interfaces/cli/main","interfaces","66","2516","T:\Project-AI-main\src\app\interfaces\cli\main.py"
"interfaces/desktop/adapter","interfaces","162","5495","T:\Project-AI-main\src\app\interfaces\desktop\adapter.py"
"interfaces/desktop/integration","interfaces","55","2188","T:\Project-AI-main\src\app\interfaces\desktop\integration.py"
"interfaces/web/app","interfaces","144","5493","T:\Project-AI-main\src\app\interfaces\web\app.py"
"knowledge/osint_loader","knowledge","157","6334","T:\Project-AI-main\src\app\knowledge\osint_loader.py"
"main","main","739","35697","T:\Project-AI-main\src\app\main.py"
"monitoring/alert_manager","monitoring","329","14194","T:\Project-AI-main\src\app\monitoring\alert_manager.py"
"monitoring/cerberus_dashboard","monitoring","32","1342","T:\Project-AI-main\src\app\monitoring\cerberus_dashboard.py"
"monitoring/metrics_collector","monitoring","325","14591","T:\Project-AI-main\src\app\monitoring\metrics_collector.py"
"monitoring/metrics_server","monitoring","187","7688","T:\Project-AI-main\src\app\monitoring\metrics_server.py"
"monitoring/prometheus_exporter","monitoring","336","13658","T:\Project-AI-main\src\app\monitoring\prometheus_exporter.py"
"monitoring/security_metrics","monitoring","392","16614","T:\Project-AI-main\src\app\monitoring\security_metrics.py"
"plugins/cerberus_adapter","plugins","59","2487","T:\Project-AI-main\src\app\plugins\cerberus_adapter.py"
"plugins/codex_adapter","plugins","54","2890","T:\Project-AI-main\src\app\plugins\codex_adapter.py"
"plugins/excalidraw_plugin","plugins","353","12555","T:\Project-AI-main\src\app\plugins\excalidraw_plugin.py"
"plugins/graph_analysis_plugin","plugins","639","25913","T:\Project-AI-main\src\app\plugins\graph_analysis_plugin.py"
"plugins/plugin_runner","plugins","89","3511","T:\Project-AI-main\src\app\plugins\plugin_runner.py"
"plugins/sample_plugin","plugins","44","2125","T:\Project-AI-main\src\app\plugins\sample_plugin.py"
"privacy/anti_fingerprint","privacy","83","3639","T:\Project-AI-main\src\app\privacy\anti_fingerprint.py"
"privacy/anti_malware","privacy","117","4342","T:\Project-AI-main\src\app\privacy\anti_malware.py"
"privacy/anti_phishing","privacy","104","4281","T:\Project-AI-main\src\app\privacy\anti_phishing.py"
"privacy/anti_tracker","privacy","99","3809","T:\Project-AI-main\src\app\privacy\anti_tracker.py"
"privacy/onion_router","privacy","97","4211","T:\Project-AI-main\src\app\privacy\onion_router.py"
"privacy/privacy_auditor","privacy","112","4210","T:\Project-AI-main\src\app\privacy\privacy_auditor.py"
"remote/remote_browser","remote","117","4648","T:\Project-AI-main\src\app\remote\remote_browser.py"
"remote/remote_desktop","remote","81","3378","T:\Project-AI-main\src\app\remote\remote_desktop.py"
"remote/secure_tunnel","remote","31","1173","T:\Project-AI-main\src\app\remote\secure_tunnel.py"
"reporting/sarif_generator","reporting","397","17548","T:\Project-AI-main\src\app\reporting\sarif_generator.py"
"resilience/deadman_switch","resilience","181","7444","T:\Project-AI-main\src\app\resilience\deadman_switch.py"
"resilience/self_repair_agent","resilience","157","6179","T:\Project-AI-main\src\app\resilience\self_repair_agent.py"
"security/advanced/dos_trap","security","1228","55605","T:\Project-AI-main\src\app\security\advanced\dos_trap.py"
"security/advanced/hardware_root_of_trust","security","560","24829","T:\Project-AI-main\src\app\security\advanced\hardware_root_of_trust.py"
"security/advanced/mfa_auth","security","1134","48894","T:\Project-AI-main\src\app\security\advanced\mfa_auth.py"
"security/advanced/microvm_isolation","security","832","35190","T:\Project-AI-main\src\app\security\advanced\microvm_isolation.py"
"security/advanced/privacy_ledger","security","793","32691","T:\Project-AI-main\src\app\security\advanced\privacy_ledger.py"
"security/advanced/privacy_risk_engine","security","421","19022","T:\Project-AI-main\src\app\security\advanced\privacy_risk_engine.py"
"security/agent_security","security","367","13648","T:\Project-AI-main\src\app\security\agent_security.py"
"security/ai_security_framework","security","1155","46324","T:\Project-AI-main\src\app\security\ai_security_framework.py"
"security/asymmetric_enforcement_gateway","security","314","13162","T:\Project-AI-main\src\app\security\asymmetric_enforcement_gateway.py"
"security/aws_integration","security","271","11315","T:\Project-AI-main\src\app\security\aws_integration.py"
"security/contrarian_firewall_orchestrator","security","565","25246","T:\Project-AI-main\src\app\security\contrarian_firewall_orchestrator.py"
"security/data_validation","security","437","18006","T:\Project-AI-main\src\app\security\data_validation.py"
"security/database_security","security","338","13368","T:\Project-AI-main\src\app\security\database_security.py"
"security/environment_hardening","security","251","10851","T:\Project-AI-main\src\app\security\environment_hardening.py"
"security/monitoring","security","349","13383","T:\Project-AI-main\src\app\security\monitoring.py"
"security/path_security","security","254","8333","T:\Project-AI-main\src\app\security\path_security.py"
"security/web_service","security","345","13721","T:\Project-AI-main\src\app\security\web_service.py"
"service/ai_controller","service","205","7932","T:\Project-AI-main\src\app\service\ai_controller.py"
"setup/captcha_system","setup","12","402","T:\Project-AI-main\src\app\setup\captcha_system.py"
"setup/notice_letter","setup","14","558","T:\Project-AI-main\src\app\setup\notice_letter.py"
"setup/setup_wizard","setup","28","1236","T:\Project-AI-main\src\app\setup\setup_wizard.py"
"setup/usage_tutorial","setup","18","715","T:\Project-AI-main\src\app\setup\usage_tutorial.py"
"temporal/activities","temporal","579","20688","T:\Project-AI-main\src\app\temporal\activities.py"
"temporal/client","temporal","185","7078","T:\Project-AI-main\src\app\temporal\client.py"
"temporal/config","temporal","111","3710","T:\Project-AI-main\src\app\temporal\config.py"
"temporal/governance_integration","temporal","277","10426","T:\Project-AI-main\src\app\temporal\governance_integration.py"
"temporal/worker","temporal","101","3296","T:\Project-AI-main\src\app\temporal\worker.py"
"temporal/workflows","temporal","711","27937","T:\Project-AI-main\src\app\temporal\workflows.py"
"ui/themes/theme_detector","ui","41","1425","T:\Project-AI-main\src\app\ui\themes\theme_detector.py"
"ui/themes/theme_manager","ui","24","1006","T:\Project-AI-main\src\app\ui\themes\theme_manager.py"
